x1,x2,x3,y
-0.11069482421705712,0.6955807823360749,0.9784196108848731,5.752198641408643
-0.7808675069875481,1.0,0.2935501866361949,3.1528898140198707
0.8323442015398019,0.22667888737848374,0.5911586822496766,4.3400822305969475
-0.4481419877734809,0.13664884771674335,-0.8594393461090029,-0.4221637474016477
1.0,0.030236812231686283,0.08596239030564456,4.140559637698895
0.05230099338851124,0.6830631684838997,0.6019870577391728,1.1906532228359392
-0.5340907154188304,-0.24974094851957052,-1.0,-0.35549503303931096
0.26629183299589876,-0.6009068661194112,0.31598131149642517,0.632502336331273
-0.47821231325797164,-0.32704646676529237,0.07342015604465746,-0.16535152229432037
-0.4528948692264725,-0.13647606212399954,-0.27168547797269227,-0.22500793007497705
0.6320163133858705,0.08066164175333834,0.4671887693995611,1.4691524600112198
-0.33710290550288957,0.21553990534995981,0.6046994446299037,-0.287077677047444
0.46896691465936446,0.12234693558752241,-1.0,-2.4769788885139006
-0.7551048668102502,-0.2993261001097409,-1.0,2.974629364216914
1.0,-0.2595362943144057,-1.0,5.271460872710439
-0.0979319266371308,-0.7950219006862715,-0.20289704772752848,1.6359874813936304
0.4237350965559352,-1.0,0.5715151334974578,-0.21437305250063043
-0.432570943207214,-0.7254776928188329,-0.8946261846761034,-2.6815227301577775
0.05823431879905239,0.6667776750594221,1.0,6.011869504020274
0.011407540138980599,-0.13163168668838754,-0.21659029049606882,1.2434053409567218
-0.6054916269034307,0.6912029348744548,1.0,7.70661945404356
-0.027706296919397744,-0.35572057252416434,-0.18465811429202006,0.408996200029742
0.19705925558421367,-0.6924135327211609,0.9674385841968722,-2.8155585389020663
-1.0,0.36843624917468,-0.6210095514021141,1.7214865465810232
-0.2986722853049879,1.0,1.0,14.909895722023895
-0.04509070312247543,-0.03018298603574321,0.9268476091324338,-0.04208661616772495
0.5280595791112577,-1.0,-0.2675762021022705,-0.7085078381746307
-0.21305504789293717,0.026256074701982213,0.41267400885002714,-0.18962599866401497
0.388533094434935,-0.2569786925775164,1.0,-2.484505351362815
-0.39020908609700244,0.37802014979433585,0.394426204276473,-1.012051625685968
0.6561997042092957,0.2400303681569549,-0.6400734990007411,2.493319274100248
1.0,-0.595872224857755,-1.0,0.019158461076482503
-0.46206409445868823,-0.0021990159649798446,-0.40967469723780536,0.37672914711468064
0.012223066588235909,-0.86786846952031,-1.0,-11.644422271569788
0.6913515248851971,0.5087230357690968,1.0,6.983172648216775
1.0,1.0,0.24517528866999738,13.120820075780708
0.46134274134173525,-0.1104160102559455,0.9133404671943148,-0.45299652767417753
0.2732749938432435,0.054283066385600875,-0.3618871144959601,0.7745892779324909
1.0,-0.873548285167139,-0.04111779843076424,-1.2409247986267449
-0.4975309693173078,1.0,0.3511407063283094,5.634728996404876
-0.09230832073652495,-0.7382048963941847,0.38007999612079946,0.4405219643767928
0.3966893132572744,0.15864389256773181,-0.8586495527309359,0.10449290770778429
-0.7153352505549719,0.3717099360033569,-0.05995980030604087,-2.485661750580019
0.025632078754600496,0.6023467020077562,0.2021142297997096,0.819024014998641
-0.14699785344235616,0.6039116466768013,0.89182845777582,2.2019219031336954
-1.0,-0.8749934813140254,0.05202114260436286,5.633760236137961
0.5098475882390134,0.3817593416977496,0.45113269169742676,0.6671000294517645
-0.5335681068700586,1.0,-0.26714683689503715,5.861670135584999
-0.15843481234837586,0.32313338939501524,0.7039390742490756,0.005115054107379981
0.42847564685347783,0.3550059673830539,-0.7981857597320869,0.7498434334526416
-0.9377477498525297,-0.04767200823131024,-0.3042371357678726,-2.5306281462725346
0.11679423569160807,-0.15789839944261286,-1.0,-4.6595536406321685
0.09448069907102741,0.3733802772090198,0.9605808587701568,2.342202034428171
0.6566633971543934,-0.2207542140296066,-0.3194842428444711,1.9667225547521552
-0.25123828744610277,0.8837674689385244,0.3937857338908206,2.726874998655002
-1.0,-0.2683897888544624,-1.0,8.086804121533802
-0.6331409492122915,-0.2168671831809239,1.0,2.2001221235482613
0.2675494313136413,0.147941966597807,0.7870998512381062,0.9012928462189937
0.869668859034626,0.5822515868672293,0.27188616759963735,4.807893305231709
-0.33500798088864325,0.14049823287087815,-0.5963290772481333,-0.09164644803235769
-0.1919323505262358,0.35923231554076396,-0.5040546457671964,0.5562046984509113
1.0,-0.7821529211575202,-1.0,-6.463120007460072
0.19307888882975655,0.22021190056817797,-1.0,-3.97444592261669
0.5190496287151223,0.6254485974131532,0.6229166148100607,1.9456373659856991
0.9489219478449094,-0.5273414196670456,0.718988607676116,4.818374051242072
-1.0,0.877481356683111,1.0,13.857533427916188
-0.1115277588122503,0.05365219962224055,-1.0,-3.8559913866465294
0.26115599602761175,0.9631490212571181,-1.0,2.9590856010127013
0.6183185185782589,1.0,-1.0,9.209957934755236
0.9267443661026724,-0.40156448717994797,0.16266159997633745,2.6172805652009825
1.0,-0.9185324595120989,0.8969884541368538,-2.978357719176219
0.27832794916064363,1.0,-0.3060294726947925,9.475474126872788
0.627983623668313,-0.02588204470241906,0.8132035536254629,1.0861145442130313
-0.9358504238407945,-0.9295579303793899,-0.26100087769478497,5.3445449074307705
0.1360563844670215,0.6418513433812187,0.2813635740296938,0.2944666928060692
0.31893996971730876,-0.02426255525833798,0.5574718047469751,0.3494162827763198
-1.0,0.13499016229253935,0.35710363736796036,-4.4097515796586215
1.0,-0.35124025926603,-0.8037955104715275,7.487642583774058
-1.0,0.94487086999516,1.0,15.541321732524848
1.0,-0.6187365548292749,-0.6609068115679597,4.259617121297051
-0.7006347417131336,-1.0,0.7965616505670812,4.051064229249302
-0.5282481802093111,0.9453750528424731,1.0,12.880685394796997
0.32176834705291313,1.0,-0.39883400997970697,10.223293553006478
-0.20967299179595522,-0.6081156421576872,-1.0,-6.260516311114157
0.12879550949202878,0.8381422507739222,0.08062808606170568,2.4953223068818478
0.42516148908842655,-0.8597495445436845,0.5238439314738654,0.7287015876439265
-0.8965914326189344,-1.0,0.22226307774415965,8.672983233793039
0.03875535938193919,-0.6400420632400907,-0.2407290837566165,1.7632901951560411
0.8048087018850609,0.11465453022409666,-1.0,0.37009261842467644
0.16367768753636458,-0.7653841904019982,-0.663033250785205,-0.3751720942528649
1.0,0.03622210052351549,0.9065708107399004,10.871691546672551
0.30568977890000437,-0.032640723866071975,0.41105435839207716,1.3496039499934054
0.4539845183537541,-0.5077281734949943,1.0,-3.4618632313123143
-1.0,1.0,-0.0019003385238118842,7.379158342996323
-0.1282785455577009,-0.07690715834784179,-0.34222261242201335,0.46427748057730406
-0.9065429999455337,-0.38610421138191464,-0.2750319087553792,-0.43626425256949775
1.0,0.8152083656069302,-0.8975462124800406,17.37506574598779
-0.3945218053566941,0.2312376005817114,1.0,2.1112155340610634
-0.17306273342734846,0.4408984881583615,-1.0,-3.5267065374545177
0.13330360068106684,1.0,0.7400808974763156,9.63395113060939
-0.7202378593111953,0.33845216492359587,0.5578930122472314,-2.530142645628061
-1.0,-0.9124058855224686,-0.8025910095250286,2.8561909776312313
0.12401874563274995,0.7057954232869224,0.057679445361785264,1.1685236533965646
0.26825493119623656,-1.0,-0.402196745654412,0.21248027593881919
0.7811556985756762,-0.9418247551938597,1.0,-5.186079842885552
-0.04391231469240897,0.5285293674249469,0.8225344701081942,1.2435256581897352
1.0,0.49102757961352106,0.6158293244467403,10.951788973192972
-1.0,-1.0,0.0469823369657425,7.86239961322532
-1.0,-0.604720133245741,-1.0,5.128706547651571
0.35798499136866546,0.23194740539589453,-0.63477641582552,0.8501407761977158
-0.4078609018683639,0.2865078480102152,-0.8849684821990389,-1.9828704331604703
-0.6021778637514794,-0.8534551512837534,0.07184767127526892,2.6691066836107225
-1.0,0.6885504861916942,-0.7833192407127016,7.989583985676642
0.3063364639252171,-0.36782890867184914,-0.4706251588705086,0.7222311151155425
0.7698926053693136,-0.2901879502398166,-0.09837265055320388,2.2843540696111324
0.05564752137222273,0.5873180613421705,-0.2473291974660643,0.25662657109775167
-1.0,-0.06288662465175832,-0.7041763441722393,0.7703043214843752
-0.32282001109466507,-0.7402976429757224,0.250798232682818,1.6726831444527042
-0.5528792984472746,-0.7839626925333669,-1.0,-4.921651529990398
-0.8079543441377823,-0.11321266757801673,-0.08751673922355341,-1.814801055856584
1.0,-1.0,-0.045812886876241965,-8.701990484305115
1.0,0.010073541046198065,0.36289070199129436,5.87912965532054
0.19527130439092288,-0.5088808980625521,1.0,-2.845024943834305
-0.0013916091360390848,-0.7594063303839764,-1.0,-9.183446929921539
-0.04439520412279441,1.0,0.21696998546377033,7.520219688921288
-0.6964415773392398,0.12573603458889893,1.0,2.6892971873561646
-0.5954460686324712,-0.15042340571298563,0.24657776254812158,-0.4144167351656832
-0.37579072003243774,1.0,1.0,14.849146857883305
-0.576196287297092,0.23947313879589727,1.0,2.0341034945164536
-0.4932712321932402,1.0,1.0,16.00945400692441
-0.2348829298558608,-0.2528227585965488,-0.729182152765032,0.22607766726858325
1.0,0.18845224964448204,-0.023702587226904104,5.574793695681414
0.4101218696969904,0.34221853946740044,0.7405021654440127,1.3718456003746373
-0.5442684616135529,1.0,-0.19519723391292865,5.42810063592986
-0.6932901372030442,1.0,-0.06804463912262837,5.541614853994738
-0.41721489941543477,0.1970961757225438,0.2898254315365014,-0.35483136187191094
-1.0,0.3558899820434003,-0.4351738625589243,-1.7003984290254004
0.6034234901006201,-0.3958770621372978,0.11698699195991447,1.091883982168089
-0.3233739840840777,1.0,0.6263645863937437,7.811849480023717
-0.6133955855500064,0.014934665888643561,-0.16177462572622847,-0.11517497185414727
-0.17372111403122492,1.0,0.5820934235342925,8.944712957740661
0.6423873486477043,0.21614832122093763,0.06745868122704635,1.6627032663398558
0.043324446174535236,-1.0,-0.1867049188222818,2.4351919710830994
-1.0,0.06916212329939575,1.0,4.106308666132461
-1.0,-1.0,0.04010852888426708,7.635196505306312
0.05448836539291446,0.14026158961922675,0.7961634154464734,-0.612966373851378
0.31715466805663106,-0.3115563506646819,-0.009804430658154395,0.9528545919719471
0.12753526639992985,-1.0,-0.543317496615898,-0.4805761539451747
0.3932578541681091,-0.782604758945596,0.25345396694580247,1.3868181535410928
-1.0,-1.0,0.8001901280659414,16.137132263961885
-0.12528496016917212,-1.0,0.49979661220816674,1.5786910323486403
0.18206148326539995,-0.15821329273868612,-1.0,-3.118404424580627
-0.3571682744101463,0.3476400456570352,0.9643256369129898,1.9007597556141973
0.5912045361787241,-0.45547966258148875,0.24591425391048904,1.550773804429213
-0.7905530821844071,-0.5281082376537949,-0.8529192786609501,1.6471097316371714
0.9656608301412866,0.14965323695984312,0.11937484669226572,5.3465356289753
-0.17999925855521481,-1.0,-0.9701521091071377,-13.122333551368706
-0.6147733996263731,-0.15357864689325607,0.8492296444154992,0.15217238123407467
-0.9151674926562932,-1.0,0.15644272589160368,8.307317534652757
0.9773255120970197,-0.00798537898780527,-0.9330800855541177,6.646607649059971
-0.6267208833705891,0.413152236249112,-1.0,-1.0274114025679544
0.4388290577295644,0.4010737379345468,-1.0,-2.3076433260921263
-0.34859423481548624,0.5247971317732318,0.48850520144211385,-1.0426628003113831
-1.0,-1.0,-0.28886930661388166,6.112943696883252
1.0,-1.0,0.17680213686971324,-7.441974076733137
0.7565375053322931,1.0,0.3278091215610792,8.295240042721394
-0.8577306979888872,-1.0,-0.380393061772754,4.715661637598172
0.7427470618174199,-0.6093002378900194,0.32821349347400663,1.2346383009206685
-1.0,-1.0,0.6722808323780396,15.01974382200987
-0.15572828423698382,-0.7589683568702492,-0.035361720647362205,2.674256650958282
1.0,1.0,0.42448361616198604,14.373143006333688
0.19307526189812818,-0.5703946841863687,0.32543543883814396,1.3307247196630807
0.15901916393317772,1.0,0.1135732543425032,8.264708149522518
0.07016281334659236,0.49193373705521926,1.0,2.4360025531035605
0.5718137869274,0.8435680832635839,0.11696228708711187,3.821487838859377
-0.045987788150323006,0.13196675245774614,1.0,0.20979336013514094
-1.0,-0.34165269151641,1.0,5.657614351872226
-1.0,-0.8914680985627197,0.7936788938259056,13.230495482092522
0.45039239599054914,1.0,1.0,9.783373863757875
0.3050825896700886,0.9526758093056125,-0.2941747496415461,6.703807978659976
1.0,-0.8375286161867019,0.2769066696987861,0.13003107712604225
1.0,0.7000902994229607,0.10918882000633556,8.740467182480105
-0.1883985444531484,0.6795740994607631,-1.0,-4.406909467297085
0.5806121223460288,0.4325958485048309,0.3121879398483014,2.821054385799645
1.0,0.31158034344154206,0.6767776863718924,10.091682509296156
-1.0,-0.4996382674151456,-0.6615730605511874,0.8341752537871093
0.7415357106860792,0.8619724575461516,0.7493787379755068,7.189216957248616
-0.005356735118945188,0.15520644821187668,0.5003490649316573,0.7577277000382969
-0.301518366510827,-0.9014683551905032,-0.6981142420132687,-0.9845176366758391
0.6912633881057786,-0.08683601368631755,0.005539046187597041,1.7433413789235752
0.7762050819642072,-1.0,-1.0,-26.83098913783379
-0.0809073607100097,-0.8067218298713328,0.9071101530300798,-1.545372616465326
1.0,-0.6314533265771842,1.0,3.5006272537508845
-0.6197941699641263,-0.16316244655384082,-0.592359915372616,1.0747533029399259
-0.4992640993681705,-0.2354452243912566,0.2132462190524409,-0.21400289319517954
0.787495302103953,0.31302031569750177,-1.0,0.656500044029412
0.9410765524412015,1.0,-0.7800642501791146,23.54099341267281
1.0,-0.8229436050932033,0.8907984374181726,0.74707686792459
1.0,-0.315840513264773,-0.64111619929892,5.197411254579302
0.4517024012422206,0.6992548717744658,-0.23355886179204277,1.1706721551768908
0.8625240596086039,0.24837579371929697,0.43496544777777935,4.246261288812925
1.0,-0.19492858664667145,0.09181598610504027,4.621682550262412
-0.27791709469877124,-0.3740102596166288,0.9656239947495804,-0.3409261057201262
-0.8212325697038136,-0.005894794333352493,1.0,2.7977939619594436
-0.9481782141870485,0.25056538722415733,-0.4506803325031987,-1.1656868380746528
-0.033992227451915547,-0.07946694790043796,-1.0,-3.417901568125727
-0.10126780017537063,0.12409444291509786,-0.26291334937533106,0.8020419194457686
-0.11133942828855292,-0.827082188572265,-0.7996998322525204,-2.20928316540114
0.8015444257835764,-0.5337260240046087,-0.44341759270679293,1.636057336574496
1.0,0.22380181176554514,0.20778169452703255,5.9717704263025215
-0.3152820477903018,0.5192975738382504,-1.0,-3.4968517929430663
-1.0,0.13935720112339478,-0.7865423501063968,2.996349089428009
1.0,1.0,1.0,25.8730860473978
0.08214826386939622,-0.14407454168128475,1.0,-0.38599683929517853
-0.2944336803755734,0.5785240085072549,-0.02704061102569555,-0.7574110945087191
-1.0,0.6062517175054818,0.14573965705633163,-4.360434983207819
0.20843884602478857,-0.37038047135559315,-1.0,-4.326029815977347
-0.7051303141314345,-0.5536281296350882,1.0,2.707924927884655
-0.5970200105051735,-0.18393377336046357,-0.5653095739934562,0.8746422601778633
-0.09705181348118797,0.8646658223178427,-0.6789350526851121,2.1759814440179905
0.7938693143817799,-0.7977964058812452,1.0,-3.5195538958578387
-0.5276483175246129,-0.9720264198626756,-0.04705757987507053,3.896689619002411
-0.9512197771255972,1.0,0.7361410110319844,2.791656701543363
1.0,-0.7578715927100272,1.0,0.39479788354447903
-0.36931769877048004,-0.7665709230400928,-0.011697358107698896,2.0880213615073213
-0.11183187522648108,1.0,-0.02114666734209214,7.380599580342097
-1.0,0.13100125892183323,-0.44551103459485497,-1.5589707459496318
-0.9868051624162781,0.16878049325117073,-0.5368062648642973,-1.2462131628737791
0.09349958067190212,0.53704964691987,-0.3082880283173195,0.2794920116946218
0.6001520382789034,-1.0,0.4909951959214689,-1.0888892417268987
-0.013230709775448268,0.6210194543491498,-0.24213533403468657,0.609717775867168
1.0,-0.8457014067045889,-1.0,-10.515260408974303
-0.2554376564789942,0.35293854519499,0.5962959401095185,0.12207606177640223
-0.5401278138683732,0.05732444605625031,1.0,1.5150721235018934
-1.0,0.28373845279818277,-0.262485481635065,-2.735676050765555
0.11306561494787393,-0.43235653764337956,0.8093121877445497,-0.3918961314286231
0.4580465757245311,-1.0,-0.39786337161640395,-1.2798890571654173
-0.8594100365943187,-1.0,-0.3591810299908942,5.297999791198993
-0.3523669688735216,-0.5468767619527324,-0.23286376277359722,1.2127720358074283
-0.2665334643552286,-0.07896220097504658,0.34448280610381943,-0.7051899609973943
0.5468483135238662,-1.0,0.40921329253260463,-0.3973447013862579
0.029405602560603317,0.03986130235589558,1.0,0.7400318907535381
0.3908581215798326,-0.6653397160256123,0.8280273608439821,-1.2877060734901622
0.14020696102280406,-0.3261411269508654,0.4973197741876625,0.5501528384581882
-0.8441049148939532,0.5549187487312581,1.0,5.670917276557537
0.3856423004123555,-0.7688367734593538,-1.0,-10.118471383705884
1.0,0.24296628119740693,-0.6618229745766913,5.348841035022453
-0.7892618122669235,0.7048833671934718,-0.6429818761640156,-1.613572388665942
0.30781724601782834,0.896642658487649,-0.16364577217537746,4.742246503252701
-0.03656827413921837,-0.30708381527193906,-0.11861270707963989,0.9140887947239567
0.6301286631588014,-0.48240364643141476,-0.5801410244899046,1.220265739215254
1.0,-1.0,-0.15270000605872425,-9.08408813798291
0.6412741456241924,-0.5259702211266817,-0.3958428463502117,1.555396017889446
0.4651342941931802,-0.47547702498533706,1.0,-2.3741069670498174
0.6796771156955259,0.8352952883494997,-0.33193966692248056,4.140299876491854
0.044662730963746844,0.24433096264377774,-0.13008182791387912,0.394218402141575
1.0,-0.4548804163724023,0.5340081977696609,5.031797129460089
-1.0,-1.0,0.8934130362885833,18.479404887163327
-0.55201681881016,1.0,0.9524164874977341,13.357196240993877
-0.4746119579886565,-0.13002249951249478,0.6469981988374636,-0.17176765865795196
1.0,-1.0,1.0,-9.134156916150726
-0.39030612966863476,-0.33569542463527546,0.604881141187773,-0.06994441821886296
0.15154156540810693,-0.8387019303752798,0.7472969422725788,-0.5098700174224722
-0.7421011513563778,0.35691510137766946,-0.35744330601751595,-2.1741998526885693
0.668178810952162,0.8294318121358586,1.0,10.618353172062768
0.29542860694357054,-1.0,1.0,-7.238935304831288
-1.0,0.39239053918554667,-0.23916102540229112,-2.620975776013171
0.029612712195718816,0.5551817538252704,-1.0,-3.5258142340972665
-0.07554429096264603,-0.32259648488826675,-1.0,-4.6504223138090985
-0.4740758568895038,0.6125097695882773,0.4520788468722259,-0.7026529331391842
0.40348669946952787,0.9133934431210904,0.8924417664537152,7.803382528031684
-1.0,-0.39822750152929287,0.5715337149588553,-0.19253456696492538
-0.7672063705058403,1.0,0.3469792872648316,3.3207244040128683
0.6520700940937425,-0.4865630567319543,-0.17015062441157935,1.3468788988470657
0.8895985712674872,-0.7352565431566833,1.0,-2.022248413858089
-0.9400370049542277,0.21697829536135926,0.8818965468466113,-0.87233781489554
-0.38858019489593687,-0.616224661912486,0.6927240752652233,-0.12855929077626838
0.5379207481209547,0.021702202416089333,0.020189509892435176,0.7383155332035298
0.12674840074679694,0.011274814695827695,-1.0,-3.3196653715008178
-0.6011562728147504,0.2237751176650129,-0.4267871354865218,-1.2248896420633537
-0.055017083553489554,-0.6203173500979804,1.0,-2.2807081793701816
0.9996242146293155,-0.3502939608879565,0.7413031582216094,6.699256937368015
-0.2862790128550319,-0.344636254327392,-1.0,-3.3147233825281925
0.3054208240677494,-0.15034873421315487,-0.08267780893318988,1.4717019654052919
0.08736481518977635,1.0,-1.0,4.608010227701889
-0.8219382388352849,-0.13380684711995983,-0.04991401180432531,-1.381049857232372
1.0,-0.03074176166294218,-0.14928727747996962,4.506980066052352
-0.1839607472994973,-0.5628733895253104,-0.787626215253737,-0.6808115286885164
-0.7705765193654046,-1.0,1.0,5.442594233145082
-0.7925695263183181,-0.7073307828334059,-0.38530990195119763,1.5236140486782221
-0.3923492260286039,1.0,-0.23660120730663503,6.9252796806405295
0.40056565438209457,-1.0,0.006435066958716096,0.3629319343143597
-1.0,-0.5823673412608004,-1.0,5.575345982372821
-0.058003914476233875,-0.7834618557772939,-1.0,-9.434937208181752
-0.8179622000881519,-0.7416222415490452,0.20576416662226316,3.6051423009315395
-0.901982553304171,-0.37109576384083476,-1.0,5.283552420305219
0.18294508051904623,-0.6107888803723112,-0.8001354050209468,-1.843800047241126
0.4003128228085404,0.08431442698473735,-0.2815901508424632,1.0002302978133661
-1.0,0.22334770255243575,-0.0042488326196246096,-3.903709690098539
0.9901813289725403,-0.23591013426940854,0.42508959393433665,4.576496833586835
0.7112889078736324,-1.0,0.041307268812710074,-2.817119972297143
-0.12858190430820438,-0.02342044752665684,-0.9405482685131588,-1.4736116547184561
-0.1261685974574398,-0.3989065866493786,-0.13564126746465033,1.2835871288910743
0.7029598449765728,-0.5392911255200072,0.6648601750365533,1.2175848607822428
0.7469746990969921,-1.0,0.32039775463005693,-2.5974319702300996
-1.0,-0.39218850859728716,-0.8797129176932819,2.6608122202471263
0.5600281027151488,-0.7079010019774621,0.08806290903925751,0.42628726634870995
-1.0,0.6612417175593199,0.5997469424211213,-4.155397748040783
0.6977607126482124,-0.8081298364465419,0.07562663678876613,-0.1347301923860315
-0.9347190043182774,-1.0,-0.03618216447492362,7.770537658072416
0.8434846540299776,-0.38461908221218133,-1.0,-2.7970542200772472
-0.061853765789336324,0.0450230065297903,-0.1272621131695406,0.6736544793394449
-0.5117014409691942,-0.05157732704126494,-1.0,-0.7250861187375605
-1.0,1.0,-1.0,21.436631263089943
0.9335198188502067,-0.6914208561058071,0.9715794326471359,-0.12954918272331
1.0,0.3270211827434555,0.88612729947695,13.773516942043592
-0.4552265950402643,0.9811781980488443,1.0,14.960245600556146
0.2386721846970652,0.02682679559356882,0.2846490473890748,0.6519841758813023
-0.024434368515591,0.46089399397597286,0.027590580384151853,-0.3630769730079555
-1.0,-0.3332898888557412,-0.5484816816641163,-1.5380880830444483
-0.47470415199545757,0.45432195287740473,-0.4567636054353019,-1.5658145631606544
0.7101967683041561,-1.0,-1.0,-25.444180957659334
-1.0,0.2709917734212872,0.09824703162977366,-4.368863354676629
-0.3430725573046287,1.0,0.16826274556124976,6.505538794732416
-0.7997345215195906,-0.8935547321141912,-0.3596922942332734,4.696243156218808
-0.15639787787774329,-0.2516057881065852,0.896108376485977,-0.558035020698532
-1.0,0.12461753893193417,-1.0,13.373969541736516
-0.03724568605470968,0.4341745383172573,-1.0,-2.877778920302525
-0.09471830459295649,0.39341868807516733,-0.13242507049108454,0.12388161403436312
-0.9782779225704459,-0.9873349602711585,-0.5758770591106246,3.8927266449932074
0.5120541197553758,0.8596964779811194,1.0,7.762699542274857
0.10360052021524768,0.5491952418003643,-0.04775379543304137,1.1095657683642828
-0.6343270654596007,0.803092555602398,1.0,9.595539112735421
0.49281505490376465,-0.5059719505656948,1.0,-2.9640118340809716
0.880032798215937,-1.0,-0.5987056213220869,-8.359985000940725
-0.8201201377290084,-0.06696943465918714,0.2176846447138603,-1.7823270397707185
1.0,0.9590235089787513,1.0,26.38485053484818
0.5317268540722258,0.1413305910869318,-0.40878909593873014,1.1034204724824734
-0.4006242085689884,0.548575604293015,1.0,4.911644260782232
1.0,1.0,-1.0,38.79399305640955
-1.0,0.3986613955879712,0.7097822030084442,-4.04360359745001
0.07850226574740193,-0.35747827111198616,-1.0,-4.178388598848153
0.38623702288787265,0.291277747663359,-0.2521787325608784,1.4464015493243576
0.5615191767921244,-1.0,-0.23058715260439877,-1.0807325663875924
-0.5286686316637978,0.8779076193194242,1.0,11.447158445402053
1.0,0.47255148514977896,0.15783999264638693,7.5251136353627235
1.0,-1.0,0.6800628071832353,-6.490251423258952
0.028829876759907336,0.32345110300337576,0.6574803539643763,0.5029653532733211
-0.43219876746809494,0.8083037401895896,-0.8226486877673964,-0.9309073357061931
-0.3428638149232246,-0.9517671763972058,-1.0,-11.639090690936808
0.8437656302928203,-0.9806084385873954,0.4986256567347829,-2.6878107583738826
-0.7556110837673757,-1.0,0.07571489305235346,5.718254950937148
1.0,-0.505573655481554,-0.4119589024980099,3.6817327266098165
0.7612861104773023,-0.9124186485108112,-0.32121218655155737,-2.1349266022102107
-1.0,1.0,0.47015831731953517,2.606637093301154
-0.067616982979535,-0.2708659528877566,1.0,-0.71718541118929
0.24314734973034313,-0.9558659950203212,1.0,-7.053289692125137
-1.0,-0.24110675403428972,0.5663798784342644,-2.5804192784153486
1.0,-0.20465023309371833,0.13195375651014296,4.3111817209939085
-0.4307688277932453,0.9475224783195704,-0.9617652170338349,-0.3203491172127305
-0.5962201012898547,1.0,0.5952372182949532,4.773266884780472
-1.0,-0.8740810366585345,0.751460476497793,12.560330319758858
-0.24578632931433453,0.1676947164472018,-1.0,-1.968321250148442
1.0,-0.9874243554189039,1.0,-9.698704224210442
-1.0,-0.2540594667041698,-1.0,8.04381859036308
1.0,0.23410349997941937,0.06635751695931491,5.8569075529674555
0.006850323183050788,-0.9709806028885586,0.7824400590852232,-1.715549581623926
0.015565699304258107,0.09567377341259187,1.0,0.1420065123441685
-0.9167078374471185,-0.7466366923918797,-0.7739375214187867,2.1673568431844767
-0.2175467499596342,0.6548240597770922,0.12788326036255748,-0.4706521265656901
0.35724317000907346,1.0,0.11903284282577342,8.207611788207597
-0.2703506132639355,-0.19199619939768775,0.32859793591819453,0.5972757800513927
-0.48542852851408713,0.5944774721618424,-1.0,-2.4486626619777496
-0.7185372431696262,-1.0,-1.0,-6.320314616823115
1.0,1.0,-0.05373082888442138,15.090590258798121
0.553928856382087,-0.4274702700248536,-1.0,-6.065495253815565
0.1253887163886367,-0.09117248173799197,-0.8419123435091524,-0.5829017890273718
-0.10530420620550451,0.11154681153120327,-1.0,-2.864726276636845
0.22120004261791193,0.15067484537897058,-1.0,-3.5163713547742486
0.29268491213407066,0.19696807639281144,0.4928460437104969,0.801377187673124
0.10202598209309932,-0.24135801429555492,-1.0,-3.2735647595694264
-0.42778387156334396,-0.029051923176863115,-0.34883401327106833,0.09226309511694486
-0.9073758729201762,-0.2920617356496793,-0.8858301229052441,3.1292589027066997
0.6904605982963328,-1.0,1.0,-6.823997728298248
0.0363532876399284,-0.048475662046449264,-1.0,-3.8261158810776124
-1.0,-1.0,-0.33385836657986423,6.162386312838148
0.8559940176025223,-0.5647773714308144,0.10751687483489936,1.581593364830747
0.22136653876810386,-0.1699151383898745,0.20330611868381032,1.1230531893696236
-1.0,0.4867735719222668,-0.37937785907786536,-1.1045585312924642
0.4870140380165311,-0.29587656546834085,1.0,-2.5740241497197736
0.4934091642290326,-0.17882627359064163,0.3334240284187109,0.9429374169696791
-1.0,0.87121560930205,0.8296187340652459,2.2411930959340105
0.3720631101094207,0.16315139883116503,-0.06709371822267474,1.2346216516838224
1.0,-0.44262166690413896,-0.4121994280459169,4.294789748042953
-0.8761817948620383,-0.5163334306650127,1.0,6.026968591589891
0.24761915683663815,0.10659656249048965,0.4325856379818398,0.03384625982260614
-0.8121117859320963,0.10857530614180644,-1.0,5.3444185693631825
0.3623554692815605,-0.9512045551863266,-0.25203687941159814,1.1179231614793195
-1.0,-0.5041775909828445,-0.9298259429084932,3.9020657049779173
-0.40957311769125204,-0.6125314960904706,-0.7749868452115847,-0.4462768555549828
-0.19079456599881683,-0.8104594164597798,0.14033201563228137,2.04653190082457
0.502853252517891,-0.6407023620189887,0.6769127861614312,0.91995127923799
-0.9624578436158482,1.0,-0.3940518343431192,9.793295496450142
-0.6644093964199356,-1.0,-1.0,-8.673122704412279
-0.2841041363624339,0.13272509122705256,0.15626510660626147,-0.40095927657713537
-0.989052725493847,-1.0,0.9460925365560298,19.04551772733231
0.2292009518309992,0.2928539713313203,0.738783760376746,0.7828827816837449
0.29813500259639536,-0.40993470362204687,-0.08912062798632991,1.7328331223464266
0.4484209473925169,-0.003586261124560508,-0.08375251120147476,0.8149819325716912
1.0,-1.0,1.0,-9.206043037684255
0.7909001657404462,1.0,0.4050849136914909,8.048773044267532
-0.8088817346732666,0.04113997109063261,1.0,3.15366167467128
1.0,-0.7051974213394612,-0.6104515031474242,3.070139395357637
-0.5691157590119433,-0.019790276446579824,1.0,2.3499281798990914
-1.0,0.17244432261528608,0.02214103384351418,-4.5703862645347835
-0.14922282223998007,-0.9139663162643867,0.18343087548689763,1.544089662758691
0.3942085722651747,-0.43257994637222064,-0.30699422591163983,1.6315921143918843
1.0,-0.111331900220774,-0.33835971956845845,4.590836740115052
-0.34391882725185985,1.0,-0.571209576353233,6.837986739710332
0.894329721492046,-0.0908434245934826,0.4961862461855886,3.8753381208068145
0.9268131194552467,-0.4004928146665936,0.6398526221015353,4.123553734525116
0.5749705631756923,-0.20326910657370423,0.1419681120196501,1.4957714274130498
0.4519305604283448,-0.5673230389906805,0.370007304137594,1.290597671218647
-0.6910010182756405,-0.6348211377424329,0.24102352793078752,1.5357420875834749
-1.0,-0.38949171183536846,-0.5401035770758162,-1.154921356262601
1.0,-0.37231017914263664,-1.0,4.342782694169218
0.6963655361628924,1.0,-0.13452116829531957,9.838647311332162
0.42173826064072073,0.7195885093488854,0.28058497407539185,2.342077107716531
0.9457963969504966,0.1693940713179003,-0.9683162997196035,5.906265883566378
1.0,1.0,-0.088320193765006,14.181332902337461
-0.3229364572681057,1.0,0.10439329480343429,6.200948982175122
0.052910410548390185,-0.5747544397307556,0.8441665262845806,-0.4033600571668649
1.0,1.0,-0.7422488839328423,27.564554493892533
-0.2908598575379031,1.0,0.28599809223741457,7.401047388300362
-0.16660571122110368,0.9016525130298616,1.0,10.351500509328575
-0.12440990069916547,-0.8675230359653789,-0.16714501179033725,1.8487706136855389
-0.09245643157650152,-1.0,-1.0,-16.18231266301022
-0.45749732463224446,0.06854963170473871,-0.8038782176835044,0.7264944059938765
1.0,-0.2556155656717993,-0.09546011739762528,4.551471530783653
1.0,0.3356926533767255,1.0,19.242763029128504
-0.2834727615167403,0.44072519228413864,1.0,2.8588205844577743
0.17662418682832604,0.31784222600614687,-1.0,-2.5911706799959253
0.36765403564876475,1.0,1.0,9.632216744488463
0.2125052389415254,-0.40875695624197284,0.3263708279729529,0.6925221237439629
-0.9798431383524262,0.1944960778566973,-0.2504890193765119,-3.3973865652523045
0.23923828248882306,-1.0,0.7362027749439715,-1.0807739716295637
1.0,-0.3828213244823271,-0.0104927870591085,3.7855650250501998
1.0,-1.0,-0.4563279774366651,-10.84275982015237
-0.026851422276620518,0.09939645882180814,-0.2349666020052512,0.6078333660539034
-0.34422722743446865,-0.9427728459014344,-0.5755072995967385,1.1551423267214664
-0.1506414661790363,-0.4800573939066455,0.018645982168807418,0.9863147696248913
-0.70934979643967,-0.5473638870958148,-0.1393158294445298,1.15283555916908
0.8264332790542368,-0.07749674954376351,-0.0005759045599789125,2.5699910805465183
-0.9416883574871815,-1.0,-0.47465302339098314,6.004640473706022
0.9471014909143216,-0.20803811918331339,-0.4436912953122687,3.9540479911627466
-1.0,0.8597236816185596,0.7218817002215558,-0.9638419386522465
-0.6607116079889253,0.5848420114708581,0.5807081016773048,-1.6252425031566726
0.2902096430828549,0.6434178119276206,0.33127798703350386,1.4380521493214675
-0.6455197546326605,-0.9870486411758708,0.5600680416411505,4.557367834829192
0.7038965834438058,1.0,-0.1756431816619295,9.394271567018405
-0.09510262994104246,1.0,1.0,12.59792615662866
0.6393744718600813,0.04616852033069496,-0.8699811722299919,1.2729799845820418
-0.2853332418073713,0.1282010343755371,-0.0224949973344839,-1.0874606276470271
1.0,0.3375805510123848,0.2698408738614477,7.4220808815668695
0.09596209893643937,0.9037843583041503,0.7385842550178594,5.537786105493247
0.5432266944340971,0.6003974229176132,1.0,6.028169818491562
-0.6948919651729712,-1.0,-0.5964724368397576,2.3538416431988507
0.0688260275008854,1.0,1.0,11.718555424240648
0.39974449633131104,-1.0,-1.0,-20.904819975607953
0.43010754251909367,-0.014137889836090878,1.0,-0.7848570726385526
-0.40332411985813255,0.4731094629880541,0.2290018910423679,-0.3723940385697314
-0.5691847019497422,-0.42795366291452264,-1.0,-1.3542269544612906
-1.0,-0.46562176306071246,0.36988701655084344,-0.9510664183198478
-1.0,1.0,0.40588444175939875,2.4724437294700072
1.0,-0.31630112174529,1.0,7.8443089823656695
-0.7027387016877216,-0.1252214415447941,1.0,2.670191680006852
-1.0,0.06642420092439227,1.0,3.2059968521358027
0.07067200130191531,0.030395074959184587,0.6016878186806627,0.3506262564968179
1.0,-0.698569711415113,1.0,1.6431108061608832
-1.0,0.6807086772324293,1.0,8.133597972608577
-1.0,-0.16860695237349743,1.0,4.172460955375421
-1.0,-1.0,0.46452111753046577,11.782153002274365
0.8224664760147273,0.3244856947639645,-0.6369380073324846,2.6899404901753527
-0.8683859636102931,0.2089716633146439,0.298756621752865,-3.1052823458924554
-1.0,0.48472943278457925,0.2563837064574743,-4.579101318614701
0.778600171127334,0.7157650868190353,-0.23064308531946787,2.1106387176274786
-1.0,1.0,0.17136785169892899,5.160700526932427
-0.05398532158586078,-0.6597016595369136,-0.38131905019339585,1.429701805708166
-0.8188027165907203,-0.2607665415194491,0.27176323883585707,-0.496863354342822
0.6726292434759182,0.748986869480329,0.6132946908628316,4.528750733003127
0.5119969156711823,-0.8395945903552773,1.0,-5.299498010920979
0.5325751452493663,0.3082949159675059,-1.0,-2.2175991176898964
0.4368281430156544,-1.0,0.8630994708175908,-3.2011444875633517
0.7255909899997852,1.0,1.0,12.601015630064461
-0.6920419360790129,0.5892577163575452,-0.9134035737158854,-1.1027419207713314
-1.0,0.6148650027650362,0.17397378351490222,-2.412372812276011
0.8028904313051786,-0.8653684239731048,0.8432383177297451,-1.5235147713455417
-1.0,0.06795660677382487,1.0,3.432346073035178
0.30143830098347046,0.7160744001234738,0.2900198552265649,1.601447823339682
0.4367883173540765,-0.3466694951247711,0.672655046900372,0.831494436831264
-0.29158617956984556,0.23216813560321503,0.3678357978919691,-1.1055978172606038
0.5649633415172868,1.0,0.19702020606019044,7.866599949402467
-0.09014071186904404,-0.13173821747031367,-0.28398967205505765,1.0489252191503065
-0.8533047751786487,0.6675883031229364,-1.0,6.9108046204768465
-1.0,0.35046714377154453,-1.0,16.071338685120214
-0.660897896073166,-0.9076165860809082,-1.0,-5.6866718542550165
0.017397977027353573,-0.2886084138386329,1.0,-1.218794055289777
-0.7092523831732487,-0.37750191297009383,-0.3609102298825042,-0.16539433978151752
-1.0,-0.22888746191988774,1.0,5.063409187270821
-0.0039948667310267805,0.04854495303831663,1.0,0.10931918675789504
1.0,0.6203601221870012,-1.0,15.406379772872464
0.7091504951706304,-0.5050501932498621,1.0,-2.243944938168247
-0.22776574171942454,-0.22492164916306612,-1.0,-2.997496843230386
1.0,0.4410497065300254,-1.0,12.193632306147949
0.3622297307135325,-0.48137010148005244,1.0,-2.6046948206197245
-0.7155152455752922,-1.0,-0.5480628649625208,1.8091762228337804
-0.3833405392263656,0.22086762730980425,-0.23618978443512573,-0.4322509153458819
-1.0,-0.1316918277852468,0.7983728660548177,-0.381886288423751
-0.7319074282179447,-0.9700506064205423,-0.3714608165182949,4.640102642873995
-1.0,-0.3876428873498643,0.14135578343294353,-2.6172542700012067
-0.13046698524787526,-0.6598795973624525,-0.02563266401320985,1.081737282233685
-1.0,1.0,-1.0,21.48969549367863
-0.7512278151235305,1.0,-0.1637282640383435,5.024733682568959
0.686733849494154,-0.4176696530467341,0.5413128675221668,1.9470218351252102
0.27789085743393027,-0.798782367081921,1.0,-4.61232276505272
0.5468366024636944,-0.6586972663107578,0.030371611849894897,1.6485006523820456
-0.8238437542896888,0.8038293813084556,-1.0,3.315153759109298
0.07493785944767306,-0.8478536431753365,0.3131511766365378,1.830387731492892
0.596432955887356,0.1543392870254443,0.9207782366100505,1.8785506989052103
0.014299189722311922,-1.0,-0.9482777692799309,-13.625868605691934
0.9042235947578063,0.5583192875895684,1.0,16.730368844899385
-1.0,0.45372493553108706,1.0,3.952762295221568
-1.0,0.325370853269755,0.1676754815793171,-5.070170447912176
-0.21834657347360564,1.0,-1.0,2.6504990673413533
0.2943987468810785,-0.07817662634035294,1.0,-0.4079938929404888
-0.7985318589947887,0.8092458421551709,0.4065623801089766,-2.449807431470417
-0.45506434857808653,1.0,1.0,15.425308133045045
1.0,-0.41878027195954415,-1.0,2.6268904752200313
0.7680755459505157,-0.6464991686295516,-0.22783682492566038,1.4749179286501355
-0.8663708058812685,-0.3621621623286544,0.8041987740241192,1.9498495030526228
-0.47085169310150166,0.3907589649157994,-1.0,-2.7476845680046735
0.4698719477139941,0.3375069278013234,0.5684033675401727,1.4482600848487848
0.16393247450158888,0.8431132555648095,1.0,7.914265796392061
-0.5226703596524629,0.996954845518613,-0.3527881111163167,5.554379455850386
-1.0,-0.09047803361592988,-0.7139307343470169,-0.12531277808491748
0.7570996747939569,1.0,1.0,13.32353293781098
0.6732345901411734,-0.43979612107292065,-0.5074273007136387,1.3634436783842117
1.0,0.12851487690592012,0.4219963925700654,6.024123439948492
0.248959859297891,-0.5295698998829912,1.0,-2.8360757250671855
0.2971619205494789,1.0,0.5010782082804439,6.936582908862586
0.9723327162754969,-1.0,-0.5802863430578056,-11.568947074977864
-1.0,0.31121047773348787,-0.9154093401485417,10.323312115231388
-0.306146923357264,0.7837275291996506,0.8835536693163051,5.13473955114607
0.7315637412323899,0.3719820391815365,-0.11450156725294902,1.984512271359272
-0.5163259947386722,-0.2966868560184561,0.32655645071911477,-0.19948993927107317
-0.3956443615563561,0.08435296396382763,-0.004516016694440239,0.21815232970858806
-0.32404303707649307,0.11778973452542996,1.0,1.8959994717862343
-0.04798602727972723,1.0,-0.8788788008067616,7.236921129524693
1.0,0.7728933847820545,-0.4899960483532475,8.594847938902443
1.0,1.0,0.0530208539157897,13.937916521512534
-1.0,-0.5383469598933155,-0.10618472290299152,-1.5620015682884856
0.28718400644453146,-1.0,-0.8694938717052123,-10.750731565056377
-0.15164444013560474,1.0,-0.6241879892131776,8.640959147086248
1.0,1.0,-0.6007637478430405,22.719652719529222
1.0,0.42835386355385685,-0.5363436843912006,5.383445700270789
1.0,-0.4899446114613437,1.0,5.584241258170903
-0.05998126013310534,0.4184396741874805,-0.975109679466738,-2.8969097315894268
0.8170359660779962,0.46169717451546255,-0.1859980485464532,2.7178618672070205
1.0,0.17263502478110215,0.5826287071039613,7.53265742026224
-0.9171145156890053,-0.7984860739752366,-0.4043071693765945,3.238983500261554
-0.198349958475744,0.1133601513454705,-0.07274482263249626,-0.5226575214942348
-0.014367341540077794,0.13164340893889936,-0.2495960358068734,0.3798546534423245
0.6266389295696448,-0.7322677092029917,0.046081180014965195,2.108242034933137
-0.6754905796930604,0.43448848437038246,-1.0,0.5580409164589538
-0.9731251867573067,-0.6670521022610174,-1.0,5.387417428146329
1.0,-0.5254500249193246,-0.05214840058411063,2.3690291214028725
-1.0,-0.13588504131946877,-0.9277235751303385,5.917838980818109
0.008143462076750208,0.38683811817192915,0.6173106137381152,0.4222802019595625
0.0912965030641486,0.7200776170976666,0.17618590733063422,0.5698353067404638
0.25325586907113173,1.0,0.16026704311860418,7.052658288138911
0.5256870148445691,0.6633901417699011,-0.33739083076433096,1.1340224679865831
0.11894941026906358,0.8673624544127543,-0.4683505878908154,3.90525270461634
-0.001220876794783221,0.12453311350973006,-0.33391887394357367,0.3500752370179033
0.05971413389536595,0.38922377369157135,-1.0,-3.1281760393473688
0.1716630417538043,0.2185689936856554,-0.39043221522111127,1.1437136738896085
-0.8802845954083527,-0.5555897859601957,-1.0,4.514729717988097
0.5450980206649456,-0.8030149544739986,0.6465553522499738,0.7064626652739879
0.4997081629034337,-0.5767032530525422,1.0,-3.1380607615716887
0.7457399544788119,-0.7289898062009064,-0.37329748535946594,0.6946784493725658
-0.7613708664852077,-0.8261445072680287,-0.5620466014728134,2.4492976405183486
0.10438093917288427,0.291894143908888,-0.3738323923007083,1.086261095498221
1.0,-1.0,-0.1985085226411647,-8.31643632148461
0.972641468969093,1.0,1.0,23.91070517605223
0.9855978195469077,0.2864895952147537,0.4445701275795271,8.359483894616494
-0.8967909923674409,-0.8653219552303439,-1.0,2.050112457629889
0.7659200837310811,-1.0,-1.0,-28.35020284597547
-0.04646235418826761,-1.0,-0.5102077543851788,0.33137450134903523
0.526027900133772,-1.0,-0.5560952023409642,-3.453805155348594
0.6192911382516169,0.7161351938788565,-0.04529580611487227,1.1506829972538197
0.3366646843965879,0.21081595117802898,-0.2759252137536523,0.5416802823742636
-1.0,-0.004763602317374271,-0.04048570270113494,-4.953955035288709
-1.0,0.49929886218393893,0.19149799023587333,-3.826624067410869
1.0,-1.0,0.11596791975540888,-8.380246998804921
-0.18876906939273375,0.6727252975621696,-0.2569954008946791,0.13456431691277781
-0.14517676596572215,0.2059065789482759,-0.12974101077689904,-0.23593652941221058
-1.0,1.0,0.7371692901266942,2.3174883137735103
0.29077446374799565,-0.6057323778433488,1.0,-3.075607312588689
1.0,-1.0,-0.42031604006848156,-10.218075904123573
-0.38863085720022683,1.0,0.12266330060409691,6.626119114864234
-1.0,-0.3999910442784218,-0.7821528078920754,1.2257580347406671
0.31907991029634863,1.0,-1.0,6.321967169699282
-0.8434928353649436,-0.10294438220460611,0.9365669335210023,1.5756015521384517
-0.9093808320775751,-0.5949063083806625,0.3054094724614227,0.8922033950497945
1.0,-1.0,-1.0,-30.185946081354654
-0.3100060884086999,-0.10952095040093268,0.7956540779946442,-0.2938496161244979
-0.36542849694808366,0.3399043047857768,0.18950063069555956,-2.102396661472688
1.0,-0.7246760437791913,0.4729319585223748,2.382228346012219
-0.26152310392503453,0.05629393859171761,1.0,1.575290856020426
0.10893398171187174,1.0,0.5584623264892388,7.434330204818117
-0.39668801347318783,-0.6001770028482944,1.0,-0.004662357099894265
-0.7981445384411725,0.29790605105756196,0.2256427469585669,-3.253128877048086
-0.6197060346508501,-0.36840603712026065,-0.9497557650758808,0.5153396172161302
-1.0,-0.07305749205404943,0.08486222499486762,-4.386165553163112
0.3108226555448377,-1.0,0.413709658696648,0.8234049097235929
-1.0,-0.05265241482844818,0.3508777666903997,-4.176559224922155
0.5972948843141264,-0.4025278154779759,-0.2626917218654756,0.5975358791623006
0.3239966634461924,0.8777116821404729,1.0,8.497667457203068
0.13508083115912384,-0.2887582532791373,1.0,-0.9552796734883287
-0.881154625635828,-0.13517971863130285,0.5781986564436181,-2.0089756573720616
1.0,-0.21296289644763355,0.5623222129990566,6.299698667310719
0.9065436453867826,-1.0,0.31702646495434905,-5.060210947938413
-0.7043841556332737,-0.11911519797394221,-0.17908238604685223,-0.836367309954466
-1.0,-0.13111323214639836,0.38918038687464374,-4.141393890746142
0.0413308875531222,-0.9677232043419408,-0.07911717173707689,3.260276576848625
1.0,-0.0974342685051055,1.0,10.221134821959721
1.0,-0.08140441736882931,0.3552893812761384,5.834065763610577
-0.1399170478364442,0.6973813555588946,-0.8547390312368504,-1.0861504127589405
-0.10076985635930824,0.0898726203060547,-1.0,-3.2150569487775735
-0.3848789206895755,0.8276262066475804,-0.10908340194672816,1.086861587256753
0.7526500212765002,0.22151556827417074,-1.0,-0.3425814615758833
1.0,0.7122489278411688,0.0018287892975492603,8.042295877010067
-0.7261032950867239,-0.27027156506924643,-0.8718510490272484,2.426695476198142
0.8905377880745209,0.5341117807484024,-0.21358796094915755,3.28908541934491
-0.9001289550265705,-0.8958656459554093,0.9770551468532389,11.380841109023773
0.1433649996534052,-1.0,0.612653596459217,0.3152098815782461
-0.8644611924152854,1.0,0.16195008200325223,3.5849998037293207
0.20551745139433697,0.09170411464436867,1.0,0.7160829594215227
-0.5909333839012021,-0.5054427316217553,0.32012223289377517,0.9619351167648353
-0.4714104123257934,-0.7798740350408555,-0.4521574229887422,2.3311081017654955
-1.0,0.6102024595875868,-0.01076888260634501,-2.82752547582819
0.195903498311369,0.5051709528475925,0.8002750614042042,1.264582356300552
-0.19482203314240087,-0.43780648265124755,-1.0,-4.185928691420422
-0.11773198038804278,-0.006776684978895942,-0.4928633892804368,0.5597780754349245
1.0,-0.07471255928874165,-0.05760070016656971,3.7987514903052397
-0.3458560290990744,-0.45706266722274913,-0.6841040358445682,0.898568031193157
-0.1730630773205244,0.4374536870645196,-0.4157600642824373,-0.02051508143909725
0.6214246147726878,-1.0,-0.8579913936888437,-14.327237952774054
-0.22456015935399565,-0.1107415888843235,-0.33414127284397077,-0.025041822513332646
-0.9253499142757542,-0.3431146531353204,0.179812045869705,-0.9508520902869351
-0.4699295510808399,0.8035674885137059,0.9645461705917808,7.58818985445965
1.0,-0.7206590947635829,1.0,0.5949731952094485
-1.0,0.08430322690486491,-1.0,12.438196622095433
0.6763732373693763,-0.7128222442481025,1.0,-4.01958312798335
-0.06564736042284958,0.045191075767128996,0.7132961980771455,0.2087892480187183
-0.4752049076796985,1.0,0.8241873137611839,10.126876974284457
-0.6047653820716736,1.0,-0.15190868309933814,5.258672599981154
0.07491347275604943,-0.47918025011507326,0.37453222619750104,1.0982590161736843
-0.5595785568940259,0.42528828389776074,0.4866282787121303,-1.3343378234613692
1.0,-1.0,-1.0,-29.41719454145354
0.7737456684944313,-0.038315865606100674,0.5437997493952453,3.2032703336678185
-1.0,-0.26324475700831607,-0.3363989372198013,-2.2331826292652126
-1.0,-0.24457788426912952,-1.0,7.578905788683477
0.2877735825066887,0.5536499940674031,0.07219262673784521,1.0720515723087338
-0.06778446067697397,-0.28709998223713495,-0.6356160322706583,0.36929242740411783
-0.804979190575039,-0.3550276648913233,-1.0,3.343169199645768
-0.6638993331510306,-0.19236751824813614,-0.6205089923187004,0.6537170647908538
-1.0,-0.5007612549210381,-0.4908846711767252,-0.9780699801895953
-0.5923595497044989,0.11762884305677979,0.45166184416190736,-1.344380513330956
0.8247769504554925,-0.3850189674727442,-1.0,-3.56811164836478
-0.04052113917433342,-0.6913192016710101,0.02515003602536181,1.811289372407855
-0.31380471364638685,0.10766926289048562,-0.2029717513304079,-0.4346688626178682
1.0,0.13308030566870577,-1.0,9.577805151268425
-1.0,-0.29223597779633503,1.0,5.910807162105273
0.08286214225870792,0.5005577004362574,-0.26406288672292066,0.40324758791112725
0.5073888230784933,1.0,-0.05242914204826965,9.278298759820363
1.0,0.7510735762421763,0.5036250362984827,11.408774232840214
0.9027207430761794,-0.9869134560419923,-0.3949792610540501,-6.525726759551763
1.0,-1.0,-1.0,-29.9494149255758
-0.2583151834205093,0.14038892889757815,-1.0,-2.448397333279204
-1.0,0.03046379649185793,1.0,3.4768094796702993
0.24469155607213833,-0.7937701463533402,0.07312266815969681,2.3312282944864506
-0.7691029815642578,0.36084620082405783,-0.2002040695045848,-2.9166808268672195
-0.7822956413176256,-0.20658378876399475,0.1390025652570448,-0.8386237343947377
1.0,-0.06135976679440147,0.050726712465380075,4.602638074948743
-0.5422074220016366,-0.2015338660771493,-0.055800484389859406,-0.13492310019478385
0.43358883404789283,0.5626182018411872,0.16343796220839346,1.6436119885261442
-0.889693329755884,-0.11045760606503374,-0.6635768194000498,0.19210477679147492
-0.5127272704412826,-0.2058659408512853,-1.0,-0.32138381795698
-0.001468824749057518,-0.029279044590323267,-0.13455879520115532,0.5899518296556499
1.0,-1.0,0.255357146491034,-6.91255457583186
-1.0,0.17349528009644022,0.8361148919796011,-2.089831557815143
-0.42897810185017904,-1.0,-1.0,-11.91373510665126
-0.04921906735826842,0.5141686290049179,-0.6132339630501533,-0.2726443682647138
0.4340027535109323,-0.428378406687159,-1.0,-5.898941136067749
-0.9704621298965517,-0.40240782512075635,-1.0,6.40964375043601
-0.2574634991383191,1.0,-0.3303977916713827,7.941948441960069
-0.9998682253775246,-0.049035483556337134,-0.7271300967119156,0.9917851716762826
-0.11543273839643153,-0.5394755233542914,-0.7647444421255307,-0.6302762223372822
-0.37747339691131665,1.0,-0.5535621998029652,6.240105968948024
-1.0,0.20432574432467132,0.6618516823393508,-3.8212323567229327
0.8238293604781921,-0.7380657491874345,-0.7885067172229752,-0.3987977659707177
0.44148091872256523,-1.0,-0.30076384308650583,0.4299114105605681
-0.9089438248226458,0.3036503597873188,1.0,3.478902933927455
0.26823945667964977,0.6907135519858754,-0.5864694586394226,1.0902274689870302
-0.20508120512895034,-0.35093979758769334,-0.24884949031975023,0.6789833590036439
-1.0,0.1243701260590715,0.2005694919242973,-5.02385586841628
0.5950108042693554,-0.009722942763369824,-0.12045059974515859,1.8273978438885372
-0.3111602443235655,-0.4404889735595918,0.024133415642714873,0.7227191194878153
0.8299020685202383,0.7796143147380665,-0.14004719943629107,3.86312659396306
-0.8687625445443952,-0.589390664970876,-0.03695064607188847,1.1944494120577174
-1.0,-0.5847446639888896,-0.03210666823684316,-0.6948007992209442
-1.0,1.0,1.0,16.261243554300158
0.2332301995214896,0.5145088913002944,1.0,3.7727310302809087
1.0,-1.0,0.7139694563817534,-6.965013704010641
-1.0,0.21654678321922427,-1.0,14.49014859415221
0.6240824756424685,0.15409263070094337,0.9500915091453117,1.390961435231298
0.9388544111280179,-0.2954540253437452,0.41351437716458506,4.384624102070464
-0.2277852487242773,-1.0,0.4756643984532558,1.4941522409614412
-1.0,-0.14940184933191936,1.0,4.177604153242525
-0.046137214855425546,0.2107995596127128,0.14535806654165184,0.6020076752927119
-1.0,0.3198119169980158,-1.0,15.61104759862945
0.44732772623665484,1.0,-1.0,6.819605073485354
-0.7131495231896388,-0.9665727377145865,0.20901390816554444,5.118655395931867
0.33885968152374923,1.0,-0.8984856506656322,8.718560816582057
0.9448648862603,-0.16194642112594448,0.0846399241496596,3.2836579411060582
0.5197527801443547,0.48588813556943444,-0.6844190170610798,0.5277284042527268
-0.6348956792605323,1.0,-1.0,0.22042485208908363
0.2643835746179264,-0.25789305505752647,0.9290220187842684,-1.4361101319465772
-0.7668638287797875,0.5305639747674991,1.0,5.21728473048512
0.6007936124815019,-0.1384107735645148,-0.13615205435819688,1.564596476878098
0.7147051720648692,-0.546511541937897,-0.6911969194623402,0.5685145080459929
0.041359977581141516,0.21805480589952775,-0.6447173518578686,0.44743555469324037
1.0,0.19977379102334125,-0.6971127203989378,5.675712896110163
1.0,0.5122336256994868,-1.0,13.232195076455282
-0.035061610481584404,-0.16613105436331854,0.5579602515124575,0.5306350992139423
-0.06390020668101348,0.8540691025954577,1.0,8.408664443871643
-1.0,-0.8156057405670527,-1.0,4.844611388328062
0.926268031255769,0.9319069174065442,0.040475516982828585,9.047061802150724
-1.0,-0.871220326681164,0.294625615013832,6.351481910713109
-0.9235620290671065,0.4840075346701058,-1.0,11.280090522937888
-0.5338159377105884,-0.4035703040758636,-1.0,-0.9159786550844347
0.42235232473527184,0.017141898659785326,-0.929625686127957,-0.36754987379042514
0.6542589240211272,0.5415417832967364,0.3355998871588801,1.6772673345658522
0.7627319224798395,-0.02725858614136767,-0.7114246252998466,2.075599520459142
1.0,-0.6958895168401429,0.7999416262315104,3.3841365285203233
-0.9645573143866493,-0.27950427222946495,1.0,5.32002234034085
-0.3786203349438828,-1.0,0.03483463142466081,3.83553811948161
0.6797138385945174,0.6324037573217787,0.20505964815730993,2.834354554628431
-0.2054806208788793,1.0,0.10145720168969374,7.260829715792192
-0.6730231936510946,-1.0,0.19520223982647544,4.603645043554586
0.30105332318585853,-0.10752136553850833,1.0,-0.6889032663085424
0.9433563509557248,-1.0,0.5281012661928579,-5.721245322042373
0.020688220685074254,0.6834018287269314,-0.24140923906950618,1.210517341179448
0.9308823303800149,-1.0,0.5633541113072631,-5.479760747802476
0.6638001035842569,-0.5316421252672785,-0.5580115253369076,0.1620281483479099
0.26375994054806706,-0.18671264546085187,1.0,-1.2064165192655545
0.4221901923049298,0.42645784317155866,-1.0,-2.2552782930372888
-1.0,-0.9825901667305221,-1.0,3.3830894892174084
0.9172382376306552,0.16594826615957547,0.6575653120479827,6.928377573093293
0.7624935714919638,-0.435211017080533,0.7725717640917509,2.3112493601071207
-1.0,0.2668098963928598,-0.9483738508621982,11.44872690443768
0.9843800827726878,0.11463927526557738,-0.09952015835163297,4.432257344162232
0.7943306435547246,0.3732151061148117,0.46024413405033493,4.320661872194032
-0.3184409370978274,0.14715076425297435,-0.29468894334510143,0.1845192565285983
1.0,-0.765060304235291,0.9637119740142241,1.1968506471992049
-1.0,-1.0,0.7214673594907115,15.687566568535717
-0.9908650568951141,0.6287478922980747,-1.0,17.888632868661304
0.8402571400245225,-0.9988915061849486,-1.0,-27.53280470559636
-1.0,-0.4058091415836844,1.0,7.375446314797473
0.5859067595444687,-1.0,-0.3311975121643418,-1.876285348274261
1.0,-0.10586785215344352,-0.42888994242467415,5.253232472402408
0.46719551274629456,-0.17180561181872434,0.746049019903021,1.1842454685001882
-0.03444017227533758,1.0,-1.0,3.590991666152183
-1.0,0.5908129410414193,0.6584260918693323,-3.7112659617526185
1.0,0.7753369816415989,0.4316502290966029,11.419756514586819
-0.6377837967762201,1.0,1.0,15.994681380071551
0.08604345179310702,0.5522136866454699,-0.04820469181719256,0.7114414219384997
0.054019697921353416,1.0,-0.7650921051467652,10.41522940961294
1.0,-0.4119455962942007,1.0,6.278557118239858
-0.5152284568072889,-0.04976269118550336,0.22449909029838877,0.0191737981031892
1.0,-0.2314577361394159,-0.19974339523934326,5.016867812594025
-0.02097091273409246,-0.2696891476729162,1.0,-0.9627478421666387
0.9282334673124191,-0.00043196742937334776,-0.579475681027168,3.209829872394719
-0.403817032830581,-1.0,-1.0,-14.375531056126242
-1.0,-1.0,-0.7291388990699508,3.8530290846668658
0.8999079006784143,-1.0,0.18631527744253562,-4.567099226329653
1.0,-0.801773195065836,-0.49061861689471953,0.20826348418217122
-0.39027848137225507,-0.1055170541867545,-1.0,-2.470666320041241
1.0,1.0,0.6963696968449049,16.540458344433258
-1.0,0.10037772551638913,0.019458867163116622,-4.6630851096403605
-1.0,-0.23091789307898258,0.24514326861005942,-3.1716176915198324
-1.0,-0.15719964868501868,0.3746624503556788,-3.784274460346226
-0.28628215231804877,-1.0,-0.8107530583368863,-6.4145972692113755
-0.29220655767480297,-1.0,-0.22076045645761289,2.598168632600338
-0.17378946004558493,-0.9628848088587172,0.10027524917517927,2.293400207794708
0.11901112576872896,1.0,-0.9381335134583013,7.444837985465147
-0.9980735918609744,-0.9041932823343743,0.6793097710818707,11.97214201377994
-0.285284018205342,0.6540833861813935,-1.0,-3.966681971045382
-1.0,0.7386206100996944,0.17484847497743972,-1.6088696304306862
1.0,0.3141984231808672,0.5046803449913189,8.148043198736941
0.4215928137720042,0.8437157972442046,0.43971641931256644,3.180229961281075
0.04471741945019425,-0.6818830950308856,0.698683681223577,-0.43766430508465254
-0.48761854459662324,-0.7637936270233225,-1.0,-6.065244974203292
0.5484410764057734,-0.3528092211343019,-0.04686251228724392,1.5937782639328681
-0.589944537944052,0.804934888642892,0.9169994350199118,6.108210412796374
-0.2657736762285612,-0.6203774968891567,-0.06504027332052842,1.7516521354043866
-0.6066783695357425,-0.10990238360584348,-1.0,0.7199320777129913
0.019675389242643115,-1.0,1.0,-7.8067988015704906
0.5389337173950799,-0.7897961903217816,-0.2746352739575584,0.6840437629457681
0.12250083073197837,-0.7678129229888375,1.0,-4.029892044147193
1.0,-0.0961004221896764,-1.0,7.744309408442978
-0.04392867729249561,1.0,-1.0,3.8733647215186595
-0.00934748689683218,1.0,1.0,12.944650490088234
0.5906964381507904,0.3360835286930983,-0.5545304811722955,0.686027791950051
-0.7386383980493196,0.26604035855054065,0.22810869865667915,-3.1437384858601702
-0.01930043873894549,0.9594062726488486,1.0,11.702881634706804
-0.2058734136072431,-0.8228196623020809,0.6475627837491176,0.5793459388609519
0.23452248818511667,-1.0,-0.6485367263247277,-3.502928429315491
0.3105432800938104,-1.0,-0.9372092673954364,-15.506623001681662
-0.4311080054062162,0.7462866402146164,0.6417182572647004,1.0766140356181164
0.14275778309183007,-1.0,-1.0,-19.163560712373755
1.0,-0.24476917378072738,0.6927969061517427,6.890785983771779
0.1302814317182448,1.0,-0.5194140676395935,10.333312578934233
1.0,-1.0,-0.4144727125301171,-9.876214887508064
0.7349953259207898,0.14558701620616277,0.5606498132126208,2.2465998299314105
0.3924809839027368,0.7569230648280147,-1.0,-2.7481970045799233
-0.336321575761231,0.06293188631783186,-0.32985900117579625,-0.2589486583087665
0.16975303815726384,0.045512802374090056,0.10094441261070353,0.8273838053311384
-0.7860987562463073,-0.30808726502546957,1.0,2.8883842459980813
1.0,-0.10934326485506451,-0.8017768931035814,7.394759187777251
-0.1666162915079048,0.7447785690417239,0.4209453147425495,0.3241255433550819
0.22969108820167827,-0.3535341235977494,1.0,-2.4014696099158486
0.4566866322739176,1.0,-0.06412899026795271,8.376853655712505
-0.7168866181262628,-0.6055645702725958,0.4173076205045225,2.2173530796385097
-0.6530747120370684,-0.14899738857294387,0.06504540561549077,-0.547539892016387
-0.3021267762887754,0.23999055511152068,1.0,2.8024789558968206
1.0,-0.4269936915353614,-0.15555244402248736,4.256263648512274
0.7629950744706009,-0.5867161483466632,-0.5166326921831559,1.3512357813134328
-1.0,0.42847705661245583,-0.3135467285375664,-1.3564945825030317
0.06592053684499799,1.0,1.0,12.19328861330338
0.09811244164477606,-0.8760125177565061,0.02162770493522581,1.90635096897377
0.10926681094986623,1.0,-0.009509325832873339,8.082031262851288
-1.0,-0.6166921634011702,-0.01748807871515967,0.07463543579665201
0.2657505121461541,-0.9230238095023529,1.0,-5.001438968304532
-0.892221331180197,0.3468586768472228,0.07203282036780201,-3.23178232332943
0.696641107800023,-1.0,-0.21859961266701178,-2.991274576017376
-0.10143348121698814,1.0,0.035187119625281316,7.237659876191851
-1.0,-1.0,1.0,22.045444101757145
0.00702032223619109,-1.0,-0.07837857385119329,2.5299759934405737
-0.030490104915549487,-0.9836799840646657,-1.0,-16.06596175150188
0.11813567706496375,-1.0,-0.12237565715138476,2.3843226366746593
0.9390716290750185,-0.6883244561129,0.2888272864002561,1.7880266505633797
-0.8372813452784493,-0.047569960333374794,0.7594005713125906,-0.7920062605626583
-0.019541243287921173,-0.2690411275654261,-0.9233395160815558,-1.4979816057774011
-0.5798931515229446,1.0,-0.986133037436626,0.5536311106907205
0.5608155350645034,-0.21409291914002115,0.2889460257607457,1.298355343566009
0.7887074858790959,-0.4094501507711841,0.7202801594360486,2.3769592577975858
-0.30916492229778836,-0.009149815272218476,0.04252308998080334,-0.4914984411107388
-0.7441426783596925,-0.2868469543592127,-0.4898833945641674,0.5730385195276968
0.24650806067159836,-1.0,-0.16553332474943572,1.5203555997950942
0.33495815161544384,1.0,-0.3544470819260719,10.46387330181433
-0.9429839382608727,0.6214147487346555,-0.2875460973137729,-0.6437840776116978
-0.3235496254500039,-1.0,-0.1371672759653637,3.595779707298594
-0.7619329876670891,0.1625445581741538,-1.0,2.947145045792065
-0.4935525158128873,0.7294024131821009,-0.22312061853450627,-1.1282575982763046
-0.26439118366120495,1.0,0.06002780016511178,5.938495064302153
1.0,-0.8577677480147756,0.1721024550121668,-0.7087831781087419
0.6118703402669714,-0.2970481519408663,-0.674175872923999,1.3564919702650111
-0.40572323583556047,0.5339507000248904,-0.657258237750667,-1.571933047950681
-1.0,-0.1816877726762336,-1.0,9.670617001498885
-0.4402774492786261,0.9494396109203422,-1.0,-1.4730971176712593
-0.4747413566857295,0.003757617830898008,-0.8138465350021047,0.5804979726677812
-0.009639054074161768,-0.025749816815283655,-0.036853688378456706,0.8597330067131762
-0.0475848977318134,-0.4058185364953326,-0.6329484128193594,1.0823627082573946
-0.551564087332993,-0.955199922191726,1.0,-0.8803184092918086
-0.8710665190501381,0.41670889089508534,0.07661960628320297,-4.280450322774904
-0.17839042704870534,-0.5096532255362256,-0.4610890662402378,1.1007005243173402
0.9712109225032246,0.4286840897360664,0.5618681908885426,8.794406674693425
0.18778141028488293,-1.0,-0.351416166654549,0.3240866454333755
-0.9042360050274494,1.0,0.06855314217011355,4.882946028742638
-0.3478500909834268,0.6872133146899675,0.8556140900940101,2.4402312608748744
-0.8469871496849708,-0.562745498758958,-0.5745313928833997,1.6789960906779064
0.9634323858969971,0.5143548988039892,1.0,19.221574175314043
1.0,-0.3554964543117298,-0.26007158085542015,4.338102758206652
1.0,1.0,0.2925710188049506,13.102963281632988
-1.0,-1.0,-1.0,3.961732720787799
1.0,1.0,-0.07268933390259602,15.123074273614373
0.018091959943755676,0.3448459274613491,-0.24395789002585566,0.7547551228347156
-0.6705759148501127,-1.0,1.0,1.1912092528651566
0.7052615305343621,-0.05529933609737814,-0.5053869885411215,2.0742354471019597
-0.005100089644474171,1.0,-0.6941840338680174,8.841832262542983
0.25861406044770896,-1.0,-0.0522193644971185,2.149509179148839
0.9330508674542102,-0.006969319779005501,-1.0,4.970270978357875
-0.3074449360409104,-0.2912163005748696,-1.0,-3.548941542489948
-0.49896459048154873,-0.5813396499527814,0.13997039516175436,0.44187521088379034
0.13257328691639003,0.22011784969164028,0.6790740912615385,0.6944584844087551
0.10935731911843605,0.7036786727307807,-0.5155503524133858,1.188745284674191
0.16114633026877856,-0.9434069893158679,0.5340340180863941,0.796100940128943
0.09438028035403967,-0.6009894446649289,1.0,-1.9266002951695105
0.44304061088060087,-0.32239180854394456,0.1509392796531248,1.5861058160808752
1.0,-0.3218823430250768,0.51750934638471,5.942737991241303
0.8551991436108604,0.35327609540402505,1.0,11.10610576141738
1.0,-0.07117371538959483,-0.19824171470772778,4.474801282104932
0.2815030868082342,1.0,-1.0,4.716042467703909
-0.6779534514930672,0.24628140584455083,0.23466138857359997,-1.9399538539261796
0.4681227305536042,-1.0,1.0,-7.525488993721332
0.3391367443206401,-1.0,-1.0,-20.275324033909325
-0.9318161900188806,-0.24086788283109595,-1.0,7.182377065529706
1.0,1.0,0.2145349804256298,12.701085184548699
-0.8760368120110338,-0.6900492586264817,-1.0,2.4977934214384714
-0.8533344419612114,-0.30739868446755536,1.0,4.402846844930123
1.0,1.0,0.7374405033019555,16.454699048078524
0.7428768330519822,-0.14416421650885325,0.36937205921334826,3.017651670789597
0.7073660823967991,0.6519271699769367,-0.468739947125173,1.4562559945862137
0.335404433300291,0.19983043841428327,0.6457767522018798,0.4811430140519483
-1.0,0.5233649146495356,0.0770900712798177,-3.518787422497291
1.0,0.3335040823119739,0.7879725494521792,11.892469466727787
-0.15847388132255658,-0.10141476283291428,-1.0,-2.0220465906433756
-1.0,1.0,0.719640406896235,1.5614744962617375
1.0,0.11856042918623655,0.2048755276237646,5.864264090607734
1.0,0.23394503986309023,-0.0814854954125035,5.523289819511847
-0.763444626564221,-0.15110019422146048,1.0,2.7290147839703307
0.6777420832010164,-1.0,-0.21415646218781115,-2.166674652009017
1.0,0.28057774597590335,0.3090435124892288,6.9333416768776654
-0.8451376963569373,-1.0,0.02121694207671898,6.541414868604033
-1.0,-0.33886650742915836,1.0,6.1084833710710145
1.0,-0.47002438652272893,-1.0,1.305914009481393
0.7938661994399461,0.2310753113819135,-1.0,0.8879060363104813
1.0,-0.3999132636898588,1.0,6.325157165198537
-0.19468835230841863,-1.0,1.0,-6.764020170315679
-0.18511148672233846,0.20598132954621184,1.0,0.9651385135361771
-0.39921957802273567,-0.6881626328307033,-1.0,-6.175643299728041
1.0,-0.007509734097609799,0.9629038124361293,11.096435504638839
0.30297974468351163,1.0,-1.0,5.3729555803374245
-0.420283869115597,-0.026603344140966545,-0.6152752346436341,0.18633983773568955
0.5604063940162771,-0.04358874055827777,0.9795922286711767,-0.4420734346610489
-0.5914362235442299,0.30679389567253335,-0.964208553476972,-0.8426582148589332
-1.0,0.07820063040814684,0.9660379745454766,1.6872290303287265
0.4123695783782131,-0.11196328575767223,-0.8841542823358397,-0.4644052694867723
0.3973002288528593,0.00346484988678486,0.6150218258674449,0.6114270294772841
0.7318539255975489,-0.6767189762171428,0.6822847883411165,0.8697841299949312
-0.3290725768299352,1.0,0.14373401833057864,7.04705395995538
0.4204359747676283,0.5062672205436796,0.13116633516031517,1.3155707721620487
0.18267122207200148,0.2819968360026228,-0.5817414612847445,1.1845061152840488
-0.6085448378492915,1.0,0.1020480754143851,4.69186049393769
0.44594445195177923,-0.1408982008473998,-0.722615470048682,0.6987604108506984
-1.0,0.03236394947043064,1.0,3.40930161909114
-1.0,0.4799716551873092,-0.8334839177370919,7.698535198378229
0.6927330557768308,-0.003787754382325925,-0.3964810288285927,1.5477211960375943
-0.61568953578036,-0.439815181810723,1.0,1.9953579153118255
1.0,-1.0,0.6281926900442405,-6.195777283096695
-0.985537689575283,0.7500491923511987,1.0,9.276514418886027
-0.4034302682076847,1.0,0.0317765562150103,6.724678196204733
1.0,0.3056343745729069,-1.0,9.946421416730773
-0.9573145309833064,0.11671200672741433,-0.19698267988859652,-3.5614026397381715
-0.22177994940454582,0.5087469859730123,-1.0,-3.4258934120703928
-0.8772864772735924,0.4175406717917367,0.11206013820617011,-3.1155941013335617
-0.26452871722972016,0.6642173019755988,0.21314746025205555,-0.8222667413188814
-0.7313878025091372,-1.0,-0.1237377802853179,6.61280201646113
0.6581347721367472,-0.4449007264462901,-1.0,-4.913763782004922
0.1709323557227569,1.0,1.0,12.225385443621729
0.1360970589631063,-0.0486907434877899,0.019510411550466733,0.3496807971198299
0.36377081953808,-0.10695186606366236,1.0,-1.4018280464522697
-0.6418314020184182,-1.0,-0.5483900143396014,1.4073415740768902
0.8518321579030139,0.6030600911396606,0.6170005479350404,6.098115979889324
-1.0,-0.07488312265691577,-0.7792318051513512,1.972581777572501
-1.0,0.9581754854267466,-0.9367550866748775,17.114457696264132
0.6432167834996032,1.0,-0.17047583279514522,9.547244385917015
1.0,0.5920125612455627,-1.0,13.202429783953352
0.052805713992603476,-0.40489364107760073,-0.3736199216819629,1.1190690950386009
-1.0,-1.0,-0.4469083727734,4.821292041002173
1.0,0.18640132857497527,0.7207085896728291,9.975824835181156
0.24496889381955445,-1.0,-1.0,-19.724912673153515
1.0,0.6076429364188805,-0.022376083510554867,7.535567303594657
-0.19578985966911033,-0.6878467009645259,-0.18923129844634268,0.8884188993694813
-0.5651520730801556,1.0,-0.6359860659118843,4.657615124587968
-0.406575830620046,-0.16144684625856764,-0.4061529923678475,0.23631083671374029
-1.0,0.491035017950052,-1.0,17.63346041566156
-0.09172682979827385,0.6844172687456342,1.0,6.487738680913821
-1.0,0.5699628483279511,0.20095685101259653,-3.1382392778960684
-0.5611245656148258,0.28233026568012076,-1.0,-1.1363787763202793
-0.4250248924257134,1.0,-0.7590727941261026,5.6289948598220825
-0.06648901272872676,0.15836914921578615,0.8244657769866925,-0.6084647163157617
0.6169913923408938,0.5611085984174244,-0.22805583052324474,1.453244414059871
-0.0013091840755734552,-0.1750217997920882,-0.5955176864076883,0.1420276893802369
0.16667142744689167,0.13829220778105777,0.7581792964515115,0.7142193134213825
-0.8204051295500827,0.11958041611220604,0.8921036846879207,1.0086656069050965
-1.0,0.7993237150418071,-0.3833364583515322,3.9509779909211993
-1.0,0.34382047605348887,-0.1537801494786204,-3.646291631212397
1.0,-1.0,0.09868983327477432,-8.587639027239053
